<dependencies>
    <unityversion>4.3.26</unityversion>
    <androidPackages>
        <androidPackage spec="com.facebook.android:audience-network-sdk:5.10.1">
            <repositories>
                <repository>https://maven.google.com/</repository>
            </repositories>
        </androidPackage>
    </androidPackages>
    
    <androidPackages>
        <androidPackage spec="com.ironsource.adapters:facebookadapter:4.3.18">
            <repositories>
                <repository>https://dl.bintray.com/ironsource-mobile/android-adapters/</repository>
            </repositories>
        </androidPackage>
    </androidPackages>

  <iosPods>
    <iosPod name="IronSourceFacebookAdapter" version="4.3.18.0">
      <sources>
        <source>https://github.com/CocoaPods/Specs</source>
      </sources>
    </iosPod>
  </iosPods>
</dependencies>
