<dependencies>
<unityversion>4.3.8.1</unityversion>
  <androidPackages>
    <androidPackage spec="com.ironsource.adapters:inmobiadapter:4.3.5">
      <repositories>
        <repository>https://dl.bintray.com/ironsource-mobile/android-adapters/</repository>
      </repositories>
    </androidPackage>
  </androidPackages>
  <androidPackages>
    <androidPackage spec="com.inmobi.monetization:inmobi-ads:9.0.7">
      <repositories>
        <repository>https://jcenter.bintray.com/</repository>
      </repositories>
    </androidPackage>
  </androidPackages>
  <androidPackages>
    <androidPackage spec="com.squareup.picasso:picasso:2.71828">
      <repositories>
        <repository>https://jcenter.bintray.com/</repository>
      </repositories>
    </androidPackage>
  </androidPackages>
  <androidPackages>
    <androidPackage spec="com.android.support:customtabs:28.0.0">
      <repositories>
        <repository>https://maven.google.com/</repository>
      </repositories>
    </androidPackage>
  </androidPackages>
  <androidPackages>
    <androidPackage spec="com.android.support:support-v4:28.0.0">
      <repositories>
        <repository>https://maven.google.com/</repository>
      </repositories>
    </androidPackage>
  </androidPackages>
  <androidPackages>
    <androidPackage spec="com.android.support:recyclerview-v7:28.0.0">
      <repositories>
        <repository>https://maven.google.com/</repository>
      </repositories>
    </androidPackage>
  </androidPackages>

  <iosPods>
    <iosPod name="IronSourceInMobiAdapter" version="4.3.7.1">
      <sources>
        <source>https://github.com/CocoaPods/Specs</source>
      </sources>
    </iosPod>
  </iosPods>
</dependencies>
