<dependencies>
<unityversion>4.3.4.1</unityversion>

    <androidPackages>
    <androidPackage spec="com.ironsource.adapters:mintegraladapter:4.3.3">
      <repositories>
        <repository>https://dl.bintray.com/ironsource-mobile/android-adapters/</repository>
      </repositories>
    </androidPackage>
  </androidPackages>
  <androidPackages>
    <androidPackage spec="com.mintegral.msdk:common:13.0.41">
      <repositories>
        <repository>https://dl.bintray.com/ironsource-mobile/android-adapters/</repository>
      </repositories>
    </androidPackage>
  </androidPackages>
  <androidPackages>
    <androidPackage spec="com.mintegral.msdk:interstitialvideo:13.0.41">
      <repositories>
        <repository>https://dl.bintray.com/ironsource-mobile/android-adapters/</repository>
      </repositories>
    </androidPackage>
  </androidPackages>
  <androidPackages>
    <androidPackage spec="com.mintegral.msdk:mtgbid:13.0.41">
      <repositories>
        <repository>https://dl.bintray.com/ironsource-mobile/android-adapters/</repository>
      </repositories>
    </androidPackage>
  </androidPackages>
  <androidPackages>
    <androidPackage spec="com.mintegral.msdk:mtgjscommon:13.0.41">
      <repositories>
        <repository>https://dl.bintray.com/ironsource-mobile/android-adapters/</repository>
      </repositories>
    </androidPackage>
  </androidPackages>
  <androidPackages>
    <androidPackage spec="com.mintegral.msdk:playercommon:13.0.41">
      <repositories>
        <repository>https://dl.bintray.com/ironsource-mobile/android-adapters/</repository>
      </repositories>
    </androidPackage>
  </androidPackages>
   <androidPackages>
    <androidPackage spec="com.mintegral.msdk:reward:13.0.41">
      <repositories>
        <repository>https://dl.bintray.com/ironsource-mobile/android-adapters/</repository>
      </repositories>
    </androidPackage>
  </androidPackages>
 <androidPackages>
    <androidPackage spec="com.mintegral.msdk:videocommon:13.0.41">
      <repositories>
        <repository>https://dl.bintray.com/ironsource-mobile/android-adapters/</repository>
      </repositories>
    </androidPackage>
  </androidPackages>
  <androidPackages>
    <androidPackage spec="com.mintegral.msdk:videojs:13.0.41">
      <repositories>
        <repository>https://dl.bintray.com/ironsource-mobile/android-adapters/</repository>
      </repositories>
    </androidPackage>
  </androidPackages>
  <androidPackages>
    <androidPackage spec="com.mintegral.msdk:mtgbanner:13.0.41">
      <repositories>
        <repository>https://dl.bintray.com/ironsource-mobile/android-adapters/</repository>
      </repositories>
    </androidPackage>
  </androidPackages>
  <iosPods>
    <iosPod name="IronSourceMintegralAdapter" version="4.3.3.1">
      <sources>
        <source>https://github.com/CocoaPods/Specs</source>
      </sources>
    </iosPod>
  </iosPods>
</dependencies>
